Wall time,Step,Value
1703052084.479393,0,0.015982994809746742
1703052767.847666,1,0.01581781730055809
1703053450.375164,2,0.015708649531006813
1703054132.869552,3,0.01561156939715147
1703054814.990631,4,0.015513761900365353
1703055496.533028,5,0.015421245247125626
1703056179.315479,6,0.01537247747182846
1703056863.219679,7,0.015299955382943153
